{"cameraMode":{"drawMode":0,"name":"Shaded","section":"Shading Mode"},"sceneLighting":false,"audioPlay":false,"sceneViewState":{"m_AlwaysRefresh":false,"showFog":true,"showSkybox":false,"showFlares":true,"showImageEffects":true,"showParticleSystems":true,"showVisualEffectGraphs":true,"m_FxEnabled":true},"in2DMode":false,"pivot":{"x":6.314838886260986,"y":30.163345336914064,"z":-3.6344847679138185},"rotation":{"x":-0.0579611137509346,"y":-0.08498989045619965,"z":0.005218204576522112,"w":-0.9951366782188416},"size":30.820762634277345,"orthographic":false}